"RK",TIERS,"PLAYER NAME",TEAM,"POS","BYE WEEK","SOS SEASON","ECR VS. ADP"
"1",1,"Christian McCaffrey",CAR,"RB1","13","2 out of 5 stars","0"
"2",1,"Dalvin Cook",MIN,"RB2","7","3 out of 5 stars","0"
"3",1,"Alvin Kamara",NO,"RB3","6","2 out of 5 stars","0"
"4",1,"Davante Adams",GB,"WR1","13","1 out of 5 stars","+2"
"5",1,"Ezekiel Elliott",DAL,"RB4","7","2 out of 5 stars","0"
"6",1,"Derrick Henry",TEN,"RB5","13","3 out of 5 stars","-2"
"7",1,"Austin Ekeler",LAC,"RB6","7","4 out of 5 stars","+6"
"8",1,"Aaron Jones",GB,"RB7","13","0 out of 5 stars","+1"
"9",2,"Tyreek Hill",KC,"WR2","12","3 out of 5 stars","+3"
"10",2,"Stefon Diggs",BUF,"WR3","7","3 out of 5 stars","+4"
"11",2,"Saquon Barkley",NYG,"RB8","10","2 out of 5 stars","-4"
"12",2,"DeAndre Hopkins",ARI,"WR4","12","2 out of 5 stars","+4"
"13",2,"Calvin Ridley",ATL,"WR5","6","4 out of 5 stars","+7"
"14",2,"Travis Kelce",KC,"TE1","12","3 out of 5 stars","-6"
"15",2,"Jonathan Taylor",IND,"RB9","14","4 out of 5 stars","-4"
"16",3,"Nick Chubb",CLE,"RB10","13","4 out of 5 stars","-6"
"17",3,"Justin Jefferson",MIN,"WR6","7","3 out of 5 stars","+6"
"18",3,"D.K. Metcalf",SEA,"WR7","9","1 out of 5 stars","+1"
"19",3,"Darren Waller",LV,"TE2","8","4 out of 5 stars","+3"
"20",3,"Antonio Gibson",WAS,"RB11","9","3 out of 5 stars","-3"
"21",3,"A.J. Brown",TEN,"WR8","13","3 out of 5 stars","+4"
"22",3,"Keenan Allen",LAC,"WR9","7","3 out of 5 stars","+5"
"23",3,"Joe Mixon",CIN,"RB12","10","3 out of 5 stars","-2"
"24",3,"Allen Robinson II",CHI,"WR10","10","3 out of 5 stars","+7"
"25",3,"Patrick Mahomes II",KC,"QB1","12","4 out of 5 stars","-7"
"26",3,"Najee Harris",PIT,"RB13","7","5 out of 5 stars","-11"
"27",3,"George Kittle",SF,"TE3","6","4 out of 5 stars","-1"
"28",3,"Clyde Edwards-Helaire",KC,"RB14","12","4 out of 5 stars","-4"
"29",3,"Terry McLaurin",WAS,"WR11","9","3 out of 5 stars","-1"
"30",3,"CeeDee Lamb",DAL,"WR12","7","1 out of 5 stars","+2"
"31",3,"Robert Woods",LAR,"WR13","11","5 out of 5 stars","+7"
"32",4,"D'Andre Swift",DET,"RB15","9","0 out of 5 stars","+2"
"33",4,"Amari Cooper",DAL,"WR14","7","1 out of 5 stars","+7"
"34",4,"Chris Godwin",TB,"WR15","9","2 out of 5 stars","+7"
"35",4,"Chris Carson",SEA,"RB16","9","1 out of 5 stars","-2"
"36",4,"David Montgomery",CHI,"RB17","10","3 out of 5 stars","-6"
"37",4,"Mike Evans",TB,"WR16","9","2 out of 5 stars","-2"
"38",4,"Cooper Kupp",LAR,"WR17","11","5 out of 5 stars","+7"
"39",4,"James Robinson",JAC,"RB18","7","4 out of 5 stars","+3"
"40",4,"D.J. Moore",CAR,"WR18","13","5 out of 5 stars","+11"
"41",4,"Josh Allen",BUF,"QB2","7","1 out of 5 stars","-12"
"42",4,"Diontae Johnson",PIT,"WR19","7","2 out of 5 stars","+10"
"43",4,"Tyler Lockett",SEA,"WR20","9","1 out of 5 stars","+5"
"44",4,"Julio Jones",TEN,"WR21","13","3 out of 5 stars","-1"
"45",4,"Miles Sanders",PHI,"RB19","14","3 out of 5 stars","-8"
"46",4,"Kyler Murray",ARI,"QB3","12","2 out of 5 stars","-7"
"47",4,"Tee Higgins",CIN,"WR22","10","2 out of 5 stars","+17"
"48",4,"Josh Jacobs",LV,"RB20","8","2 out of 5 stars","-12"
"49",4,"Adam Thielen",MIN,"WR23","7","3 out of 5 stars","-2"
"50",4,"T.J. Hockenson",DET,"TE4","9","4 out of 5 stars","+8"
"51",4,"Mike Davis",ATL,"RB21","6","2 out of 5 stars","+3"
"52",5,"Mark Andrews",BAL,"TE5","8","4 out of 5 stars","-2"
"53",5,"Lamar Jackson",BAL,"QB4","8","2 out of 5 stars","-9"
"54",5,"Kyle Pitts",ATL,"TE6","6","2 out of 5 stars","-8"
"55",5,"Brandon Aiyuk",SF,"WR24","6","5 out of 5 stars","+5"
"56",5,"Darrell Henderson",LAR,"RB22","11","4 out of 5 stars","+3"
"57",5,"Kareem Hunt",CLE,"RB23","13","4 out of 5 stars","-4"
"58",5,"Myles Gaskin",MIA,"RB24","14","4 out of 5 stars","-9"
"59",5,"Dak Prescott",DAL,"QB5","7","2 out of 5 stars","-3"
"60",5,"Gus Edwards",BAL,"RB25","8","4 out of 5 stars","+31"
"61",5,"Odell Beckham Jr.",CLE,"WR25","13","1 out of 5 stars","+4"
"62",5,"Chase Claypool",PIT,"WR26","7","2 out of 5 stars","+5"
"63",5,"JuJu Smith-Schuster",PIT,"WR27","7","2 out of 5 stars","+5"
"64",5,"Jerry Jeudy",DEN,"WR28","11","4 out of 5 stars","+8"
"65",5,"Kenny Golladay",NYG,"WR29","10","3 out of 5 stars","+4"
"66",5,"Chase Edmonds",ARI,"RB26","12","3 out of 5 stars","-4"
"67",5,"Russell Wilson",SEA,"QB6","9","0 out of 5 stars","-12"
"68",5,"Ja'Marr Chase",CIN,"WR30","10","2 out of 5 stars","-2"
"69",5,"Robby Anderson",CAR,"WR31","13","5 out of 5 stars","+7"
"70",5,"Tyler Boyd",CIN,"WR32","10","2 out of 5 stars","+16"
"71",5,"Aaron Rodgers",GB,"QB7","13","2 out of 5 stars","-14"
"72",5,"Javonte Williams",DEN,"RB27","11","5 out of 5 stars","-11"
"73",5,"Courtland Sutton",DEN,"WR33","11","4 out of 5 stars","+4"
"74",5,"Damien Harris",NE,"RB28","14","3 out of 5 stars","0"
"75",5,"Justin Herbert",LAC,"QB8","7","2 out of 5 stars","-12"
"76",6,"Brandin Cooks",HOU,"WR34","10","3 out of 5 stars","+13"
"77",6,"Deebo Samuel",SF,"WR35","6","5 out of 5 stars","+5"
"78",6,"Noah Fant",DEN,"TE7","11","4 out of 5 stars","+1"
"79",6,"Raheem Mostert",SF,"RB29","6","3 out of 5 stars","-6"
"80",6,"Logan Thomas",WAS,"TE8","9","3 out of 5 stars","0"
"81",6,"Melvin Gordon III",DEN,"RB30","11","5 out of 5 stars","-3"
"82",6,"Tom Brady",TB,"QB9","9","2 out of 5 stars","-11"
"83",6,"Corey Davis",NYJ,"WR36","6","4 out of 5 stars","+15"
"84",6,"Ryan Tannehill",TEN,"QB10","13","2 out of 5 stars","+8"
"85",6,"Will Fuller V",MIA,"WR37","14","3 out of 5 stars","+20"
"86",6,"D.J. Chark Jr.",JAC,"WR38","7","5 out of 5 stars","+9"
"87",6,"Trey Sermon",SF,"RB31","6","3 out of 5 stars","-2"
"88",6,"Laviska Shenault Jr.",JAC,"WR39","7","5 out of 5 stars","+5"
"89",6,"Antonio Brown",TB,"WR40","9","2 out of 5 stars","+5"
"90",6,"Jalen Hurts",PHI,"QB11","14","4 out of 5 stars","+7"
"91",6,"Jarvis Landry",CLE,"WR41","13","1 out of 5 stars","+8"
"92",6,"DeVonta Smith",PHI,"WR42","14","3 out of 5 stars","-17"
"93",6,"Michael Carter",NYJ,"RB32","6","4 out of 5 stars","-9"
"94",6,"Dallas Goedert",PHI,"TE9","14","3 out of 5 stars","-7"
"95",6,"Matthew Stafford",LAR,"QB12","11","4 out of 5 stars","-12"
"96",6,"Ronald Jones II",TB,"RB33","9","0 out of 5 stars","-8"
"97",6,"Robert Tonyan",GB,"TE10","13","3 out of 5 stars","-7"
"98",6,"Nyheim Hines",IND,"RB34","14","4 out of 5 stars","+31"
"99",6,"Curtis Samuel",WAS,"WR43","9","3 out of 5 stars","+14"
"100",6,"Tyler Higbee",LAR,"TE11","11","2 out of 5 stars","+11"
"101",6,"Kenyan Drake",LV,"RB35","8","2 out of 5 stars","+2"
"102",6,"James Conner",ARI,"RB36","12","3 out of 5 stars","-2"
"103",6,"Zack Moss",BUF,"RB37","7","3 out of 5 stars","-7"
"104",6,"Joe Burrow",CIN,"QB13","10","2 out of 5 stars","0"
"105",6,"Michael Gallup",DAL,"WR44","7","1 out of 5 stars","+10"
"106",6,"Mike Williams",LAC,"WR45","7","3 out of 5 stars","+13"
"107",6,"Leonard Fournette",TB,"RB38","9","0 out of 5 stars","-26"
"108",7,"Jamaal Williams",DET,"RB39","9","0 out of 5 stars","+8"
"109",7,"Mike Gesicki",MIA,"TE12","14","4 out of 5 stars","-1"
"110",7,"Marvin Jones Jr.",JAC,"WR46","7","5 out of 5 stars","+10"
"111",7,"Michael Thomas",NO,"WR47","6","4 out of 5 stars","-41"
"112",7,"Michael Pittman Jr.",IND,"WR48","14","5 out of 5 stars","-3"
"113",7,"Devin Singletary",BUF,"RB40","7","3 out of 5 stars","-1"
"114",7,"AJ Dillon",GB,"RB41","13","0 out of 5 stars","-13"
"115",7,"David Johnson",HOU,"RB42","10","4 out of 5 stars","-1"
"116",7,"Jonnu Smith",NE,"TE13","14","5 out of 5 stars","+16"
"117",7,"Tony Pollard",DAL,"RB43","7","2 out of 5 stars","+10"
"118",7,"Matt Ryan",ATL,"QB14","6","3 out of 5 stars","+17"
"119",7,"Darnell Mooney",CHI,"WR49","10","3 out of 5 stars","+3"
"120",7,"Trevor Lawrence",JAC,"QB15","7","4 out of 5 stars","+5"
"121",7,"Jaylen Waddle",MIA,"WR50","14","3 out of 5 stars","-19"
"122",7,"Kirk Cousins",MIN,"QB16","7","3 out of 5 stars","+30"
"123",7,"DeVante Parker",MIA,"WR51","14","3 out of 5 stars","+21"
"124",7,"Evan Engram",NYG,"TE14","10","3 out of 5 stars","+21"
"125",7,"J.D. McKissic",WAS,"RB44","9","3 out of 5 stars","+14"
"126",7,"Marquise Brown",BAL,"WR52","8","2 out of 5 stars","-5"
"127",7,"James White",NE,"RB45","14","3 out of 5 stars","+32"
"128",7,"Phillip Lindsay",HOU,"RB46","10","4 out of 5 stars","+14"
"129",7,"Irv Smith Jr.",MIN,"TE15","7","2 out of 5 stars","-12"
"130",7,"Tua Tagovailoa",MIA,"QB17","14","4 out of 5 stars","+24"
"131",7,"Baker Mayfield",CLE,"QB18","13","3 out of 5 stars","+2"
"132",7,"Giovani Bernard",TB,"RB47","9","0 out of 5 stars","+38"
"133",7,"Rob Gronkowski",TB,"TE16","9","3 out of 5 stars","-5"
"134",7,"Hunter Henry",NE,"TE17","14","5 out of 5 stars","+16"
"135",7,"Elijah Moore",NYJ,"WR53","6","4 out of 5 stars","+13"
"136",7,"Russell Gage",ATL,"WR54","6","4 out of 5 stars","+11"
"137",7,"Mecole Hardman",KC,"WR55","12","3 out of 5 stars","-6"
"138",7,"Cole Beasley",BUF,"WR56","7","3 out of 5 stars","+8"
"139",8,"Ryan Fitzpatrick",WAS,"QB19","9","4 out of 5 stars","+44"
"140",8,"Gerald Everett",SEA,"TE18","9","1 out of 5 stars","+51"
"141",8,"Ben Roethlisberger",PIT,"QB20","7","4 out of 5 stars","+14"
"142",8,"Sony Michel",LAR,"RB48","11","4 out of 5 stars","-8"
"143",8,"Latavius Murray",NO,"RB49","6","2 out of 5 stars","+14"
"144",8,"Cole Kmet",CHI,"TE19","10","1 out of 5 stars","+49"
"145",8,"Alexander Mattison",MIN,"RB50","7","3 out of 5 stars","+8"
"146",8,"Henry Ruggs III",LV,"WR57","8","1 out of 5 stars","-23"
"147",8,"Justin Fields",CHI,"QB21","10","2 out of 5 stars","-11"
"148",8,"Los Angeles Rams",LAR,"DST1","11","3 out of 5 stars","-41"
"149",8,"Jakobi Meyers",NE,"WR58","14","4 out of 5 stars","+11"
"150",8,"Pittsburgh Steelers",PIT,"DST2","7","2 out of 5 stars","-40"
"151",8,"Sterling Shepard",NYG,"WR59","10","3 out of 5 stars","+28"
"152",8,"Blake Jarwin",DAL,"TE20","7","2 out of 5 stars","+66"
"153",8,"Austin Hooper",CLE,"TE21","13","2 out of 5 stars","+16"
"154",8,"Derek Carr",LV,"QB22","8","3 out of 5 stars","+26"
"155",8,"T.Y. Hilton",IND,"WR60","14","5 out of 5 stars","+9"
"156",8,"Jared Cook",LAC,"TE22","7","3 out of 5 stars","+6"
"157",8,"Tevin Coleman",NYJ,"RB51","6","4 out of 5 stars","+33"
"158",8,"Baltimore Ravens",BAL,"DST3","8","2 out of 5 stars","-32"
"159",8,"Nelson Agholor",NE,"WR61","14","4 out of 5 stars","+16"
"160",8,"Daniel Jones",NYG,"QB23","10","4 out of 5 stars","+35"
"161",8,"Jalen Reagor",PHI,"WR62","14","3 out of 5 stars","+16"
"162",8,"Trey Lance",SF,"QB24","6","5 out of 5 stars","-25"
"163",8,"Tarik Cohen",CHI,"RB52","10","3 out of 5 stars","+53"
"164",8,"Zach Ertz",PHI,"TE23","14","3 out of 5 stars","-3"
"165",8,"Washington Football Team",WAS,"DST4","9","2 out of 5 stars","-47"
"166",8,"Rashaad Penny",SEA,"RB53","9","1 out of 5 stars","+5"
"167",8,"San Francisco 49ers",SF,"DST5","6","3 out of 5 stars","-24"
"168",8,"Emmanuel Sanders",BUF,"WR63","7","3 out of 5 stars","+30"
"169",8,"Jamison Crowder",NYJ,"WR64","6","4 out of 5 stars","+34"
"170",8,"Tampa Bay Buccaneers",TB,"DST6","9","5 out of 5 stars","-64"
"171",8,"Anthony Firkser",TEN,"TE24","13","2 out of 5 stars","+48"
"172",8,"Rondale Moore",ARI,"WR65","12","2 out of 5 stars","+2"
"173",8,"Justin Tucker",BAL,"K1","8","4 out of 5 stars","-49"
"174",8,"Adam Trautman",NO,"TE25","6","4 out of 5 stars","+38"
"175",8,"Rashod Bateman",BAL,"WR66","8","2 out of 5 stars","+51"
"176",8,"Carson Wentz",IND,"QB25","14","4 out of 5 stars","+45"
"177",8,"Indianapolis Colts",IND,"DST7","14","2 out of 5 stars","-28"
"178",8,"Tre'Quan Smith",NO,"WR67","6","4 out of 5 stars","+36"
"179",8,"Sam Darnold",CAR,"QB26","13","4 out of 5 stars","+28"
"180",8,"Zach Wilson",NYJ,"QB27","6","3 out of 5 stars","+12"
"181",8,"Gabriel Davis",BUF,"WR68","7","3 out of 5 stars","+6"
"182",8,"Jameis Winston",NO,"QB28","6","3 out of 5 stars","-16"
"183",8,"Harrison Butker",KC,"K2","12","2 out of 5 stars","-53"
"184",8,"Marquez Callaway",NO,"WR69","6","4 out of 5 stars","-46"
"185",8,"Younghoe Koo",ATL,"K3","6","3 out of 5 stars","-45"
"186",8,"Parris Campbell",IND,"WR70","14","5 out of 5 stars","+36"
"187",9,"Terrace Marshall Jr.",CAR,"WR71","13","5 out of 5 stars","+7"
"188",9,"Darrel Williams",KC,"RB54","12","4 out of 5 stars","+23"
"189",9,"Eric Ebron",PIT,"TE26","7","5 out of 5 stars","+24"
"190",9,"John Brown",LV,"WR72","8","1 out of 5 stars","+43"
"191",9,"Buffalo Bills",BUF,"DST8","7","3 out of 5 stars","-50"
"192",9,"New England Patriots",NE,"DST9","14","0 out of 5 stars","-36"
"193",9,"Bryan Edwards",LV,"WR73","8","1 out of 5 stars","+11"
"194",9,"Christian Kirk",ARI,"WR74","12","2 out of 5 stars","+29"
"195",9,"Kenneth Gainwell",PHI,"RB55","14","3 out of 5 stars","-28"
"196",9,"Carlos Hyde",JAC,"RB56","7","4 out of 5 stars","+48"
"197",9,"Greg Zuerlein",DAL,"K4","7","4 out of 5 stars","-34"
"198",9,"Salvon Ahmed",MIA,"RB57","14","4 out of 5 stars","+61"
"199",9,"Malcolm Brown",MIA,"RB58","14","4 out of 5 stars","+2"
"200",9,"Kansas City Chiefs",KC,"DST10","12","1 out of 5 stars","-19"
"201",9,"Damien Williams",CHI,"RB59","10","3 out of 5 stars","-2"
"202",9,"New Orleans Saints",NO,"DST11","6","3 out of 5 stars","-17"
"203",9,"Amon-Ra St. Brown",DET,"WR75","9","1 out of 5 stars","-19"
"204",9,"Marlon Mack",IND,"RB60","14","4 out of 5 stars","+1"
"205",9,"A.J. Green",ARI,"WR76","12","2 out of 5 stars","-16"
"206",9,"Darrynton Evans",TEN,"RB61","13","3 out of 5 stars","+51"
"207",9,"Jason Sanders",MIA,"K5","14","4 out of 5 stars","-49"
"208",9,"Darius Slayton",NYG,"WR77","10","3 out of 5 stars","+79"
"209",9,"Rhamondre Stevenson",NE,"RB62","14","3 out of 5 stars","-31"
"210",9,"Randall Cobb",GB,"WR78","13","1 out of 5 stars","-14"
"211",9,"Miami Dolphins",MIA,"DST12","14","2 out of 5 stars","-23"
"212",9,"Jared Goff",DET,"QB29","9","1 out of 5 stars","+25"
"213",9,"Justin Jackson",LAC,"RB63","7","4 out of 5 stars","+37"
"214",9,"Boston Scott",PHI,"RB64","14","3 out of 5 stars","+27"
"215",9,"Denver Broncos",DEN,"DST13","11","2 out of 5 stars","-43"
"216",9,"Chuba Hubbard",CAR,"RB65","13","2 out of 5 stars","-40"
"217",9,"Cleveland Browns",CLE,"DST14","13","3 out of 5 stars","-35"
"218",9,"Tyrell Williams",DET,"WR79","9","1 out of 5 stars","+10"
"219",9,"Chicago Bears",CHI,"DST15","10","2 out of 5 stars","+11"
"220",9,"Rodrigo Blankenship",IND,"K6","14","3 out of 5 stars","-55"
"221",9,"Allen Lazard",GB,"WR80","13","1 out of 5 stars","+21"
"222",9,"Breshad Perriman",FA,"WR81","-","-","+45"
"223",9,"Matt Prater",ARI,"K7","12","4 out of 5 stars","-17"
"224",9,"Los Angeles Chargers",LAC,"DST16","7","4 out of 5 stars","+30"
"225",9,"Tyler Bass",BUF,"K8","7","3 out of 5 stars","-74"
"226",9,"Hayden Hurst",ATL,"TE27","6","2 out of 5 stars","+21"
"227",9,"Sammy Watkins",BAL,"WR82","8","2 out of 5 stars","+13"
"228",9,"Robbie Gould",SF,"K9","6","4 out of 5 stars","+3"
"229",9,"Mark Ingram II",HOU,"RB66","10","4 out of 5 stars","-29"
"230",9,"Jason Myers",SEA,"K10","9","4 out of 5 stars","-33"
"231",9,"Ryan Succop",TB,"K11","9","2 out of 5 stars","-63"
"232",9,"Joshua Kelley",LAC,"RB67","7","4 out of 5 stars","+76"
"233",9,"Marquez Valdes-Scantling",GB,"WR83","13","1 out of 5 stars","+3"
"234",9,"Green Bay Packers",GB,"DST17","13","5 out of 5 stars","-24"
"235",9,"Cam Newton",NE,"QB30","14","5 out of 5 stars","-8"
"236",9,"Seattle Seahawks",SEA,"DST18","9","4 out of 5 stars","-11"
"237",10,"Ty Johnson",NYJ,"RB68","6","4 out of 5 stars","+19"
"238",10,"Jerick McKinnon",KC,"RB69","12","4 out of 5 stars","+5"
"239",10,"KJ Hamler",DEN,"WR84","11","4 out of 5 stars","+55"
"240",10,"Wil Lutz",NO,"K12","6","4 out of 5 stars","-11"
"241",10,"Dawson Knox",BUF,"TE28","7","2 out of 5 stars","+38"
"242",10,"Mason Crosby",GB,"K13","13","0 out of 5 stars","-40"
"243",10,"Teddy Bridgewater",DEN,"QB31","11","5 out of 5 stars","+15"
"244",10,"Michael Badgley",LAC,"K14","7","2 out of 5 stars","+61"
"245",10,"Minnesota Vikings",MIN,"DST19","7","3 out of 5 stars","-11"
"246",10,"Van Jefferson",LAR,"WR85","11","5 out of 5 stars","+67"
"247",10,"Dan Arnold",CAR,"TE29","13","4 out of 5 stars","+52"
"248",10,"Hunter Renfrow",LV,"WR86","8","1 out of 5 stars","+33"
"249",10,"Devontae Booker",NYG,"RB70","10","2 out of 5 stars","-41"
"250",10,"O.J. Howard",TB,"TE30","9","3 out of 5 stars","+1"
"251",10,"Benny Snell Jr.",PIT,"RB71","7","5 out of 5 stars","+12"
"252",10,"Josh Reynolds",TEN,"WR87","13","3 out of 5 stars","+80"
"253",10,"Daniel Carlson",LV,"K15","8","2 out of 5 stars","-67"
"254",10,"Denzel Mims",NYJ,"WR88","6","4 out of 5 stars","+29"
"255",10,"DeSean Jackson",LAR,"WR89","11","5 out of 5 stars","+22"
"256",10,"Tim Patrick",DEN,"WR90","11","4 out of 5 stars","+117"
"257",10,"Philadelphia Eagles",PHI,"DST20","14","4 out of 5 stars","+28"
"258",10,"Brandon McManus",DEN,"K16","11","1 out of 5 stars","-43"
"259",10,"Nico Collins",HOU,"WR91","10","3 out of 5 stars","+7"
"260",10,"Anthony Miller",HOU,"WR92","10","3 out of 5 stars","+56"
"261",10,"Jake Elliott",PHI,"K17","14","4 out of 5 stars","+11"
"262",10,"Kadarius Toney",NYG,"WR93","10","3 out of 5 stars","-14"
"263",10,"Anthony McFarland Jr.",PIT,"RB72","7","5 out of 5 stars","+2"
"264",10,"Samaje Perine",CIN,"RB73","10","3 out of 5 stars","+82"
"265",10,"La'Mical Perine",NYJ,"RB74","6","4 out of 5 stars","+38"
"266",10,"Matt Breida",BUF,"RB75","7","3 out of 5 stars","+142"
"267",10,"Arizona Cardinals",ARI,"DST21","12","3 out of 5 stars","-28"
"268",10,"Chris Boswell",PIT,"K18","7","2 out of 5 stars","-15"
"269",10,"Jack Doyle",IND,"TE31","14","4 out of 5 stars","+92"
"270",10,"New York Giants",NYG,"DST22","10","4 out of 5 stars","+8"
"271",10,"Tennessee Titans",TEN,"DST23","13","3 out of 5 stars","-51"
"272",10,"Jimmy Graham",CHI,"TE32","10","1 out of 5 stars","-2"
"273",10,"Wayne Gallman",SF,"RB76","6","3 out of 5 stars","+83"
"274",10,"James Washington",PIT,"WR94","7","2 out of 5 stars","+122"
"275",10,"Chris Herndon IV",NYJ,"TE33","6","3 out of 5 stars","+84"
"276",10,"Jeff Wilson Jr.",SF,"RB77","6","3 out of 5 stars","+16"
"277",10,"Matt Gay",LAR,"K19","11","5 out of 5 stars","-60"
"278",10,"Dustin Hopkins",WAS,"K20","9","2 out of 5 stars","+36"
"279",10,"Taysom Hill",NO,"QB32","6","3 out of 5 stars","-44"
"280",10,"Joey Slye",FA,"K21","-","-","-11"
"281",10,"Amari Rodgers",GB,"WR95","13","1 out of 5 stars","-8"
"282",10,"Xavier Jones",LAR,"RB78","11","4 out of 5 stars","-73"
"283",10,"Ka'imi Fairbairn",HOU,"K22","10","3 out of 5 stars","+7"
"284",10,"Jimmy Garoppolo",SF,"QB33","6","5 out of 5 stars","+13"
"285",10,"Josh Lambo",JAC,"K23","7","5 out of 5 stars","-10"
"286",10,"Qadree Ollison",ATL,"RB79","6","2 out of 5 stars","-6"
"287",10,"Rashard Higgins",CLE,"WR96","13","1 out of 5 stars","+70"
"288",10,"New York Jets",NYJ,"DST24","6","4 out of 5 stars","+70"
"289",10,"Dyami Brown",WAS,"WR97","9","3 out of 5 stars","+30"
"290",10,"Justice Hill",BAL,"RB80","8","4 out of 5 stars","-2"
"291",10,"Keke Coutee",HOU,"WR98","10","3 out of 5 stars","+32"
"292",10,"Kendrick Bourne",NE,"WR99","14","4 out of 5 stars","+97"
"293",10,"Preston Williams",MIA,"WR100","14","3 out of 5 stars","+101"
"294",10,"Quintez Cephus",DET,"WR101","9","1 out of 5 stars","+89"
"295",11,"Donovan Peoples-Jones",CLE,"WR102","13","1 out of 5 stars","-24"
"296",11,"Keelan Cole Sr.",NYJ,"WR103","6","4 out of 5 stars","+90"
"297",11,"Dallas Cowboys",DAL,"DST25","7","5 out of 5 stars","-33"
"298",11,"Dalton Schultz",DAL,"TE34","7","2 out of 5 stars","-7"
"299",11,"Zach Pascal",IND,"WR104","14","5 out of 5 stars","+88"
"300",11,"Ke'Shawn Vaughn",TB,"RB81","9","0 out of 5 stars","+70"
"301",11,"Deshaun Watson",HOU,"QB34","10","4 out of 5 stars","-128"
"302",11,"Graham Gano",NYG,"K24","10","2 out of 5 stars","-64"
"303",11,"DeeJay Dallas",SEA,"RB82","9","1 out of 5 stars","+64"
"304",11,"D'Wayne Eskridge",SEA,"WR105","9","1 out of 5 stars","+25"
"305",11,"Tyrod Taylor",HOU,"QB35","10","4 out of 5 stars","+23"
"306",11,"Mac Jones",NE,"QB36","14","5 out of 5 stars","-60"
"307",11,"Kyle Rudolph",NYG,"TE35","10","3 out of 5 stars","+136"
"308",11,"Pat Freiermuth",PIT,"TE36","7","5 out of 5 stars","-84"
"309",11,"Mo Alie-Cox",IND,"TE37","14","4 out of 5 stars","+21"
"310",11,"Drew Lock",DEN,"QB37","11","5 out of 5 stars","-8"
"311",11,"Carolina Panthers",CAR,"DST26","13","4 out of 5 stars","-66"
"312",11,"Jacksonville Jaguars",JAC,"DST27","7","2 out of 5 stars","-12"
"313",11,"N'Keal Harry",NE,"WR106","14","4 out of 5 stars","+89"
"314",11,"Jordan Akins",HOU,"TE38","10","4 out of 5 stars","-40"
"315",11,"Jalen Richard",LV,"RB83","8","2 out of 5 stars","+36"
"316",11,"Josh Palmer",LAC,"WR107","7","3 out of 5 stars","-55"
"317",11,"Tyron Johnson",LAC,"WR108","7","3 out of 5 stars","+93"
"318",11,"Travis Fulgham",PHI,"WR109","14","3 out of 5 stars","+42"
"319",11,"Kerryon Johnson",FA,"RB84","-","-","+59"
"320",11,"Rex Burkhead",HOU,"RB85","10","4 out of 5 stars","+125"
"321",11,"Donald Parham Jr.",LAC,"TE39","7","3 out of 5 stars","+71"
"322",11,"Demarcus Robinson",KC,"WR110","12","3 out of 5 stars","-38"
"323",11,"Atlanta Falcons",ATL,"DST28","6","5 out of 5 stars","+32"
"324",11,"Tony Jones Jr.",NO,"RB86","6","2 out of 5 stars","-29"
"325",11,"Javian Hawkins",TEN,"RB87","13","3 out of 5 stars","-57"
"326",11,"Byron Pringle",KC,"WR111","12","3 out of 5 stars","-22"
"327",11,"Ian Thomas",CAR,"TE40","13","4 out of 5 stars","-"
"328",11,"Cairo Santos",CHI,"K25","10","2 out of 5 stars","-76"
"329",11,"Olamide Zaccheaus",ATL,"WR112","6","4 out of 5 stars","-11"
"330",11,"Scotty Miller",TB,"WR113","9","2 out of 5 stars","-13"
"331",11,"Kalen Ballage",PIT,"RB88","7","5 out of 5 stars","+41"
"332",11,"Larry Rountree III",LAC,"RB89","7","4 out of 5 stars","-26"
"333",11,"Austin Seibert",CIN,"K26","10","1 out of 5 stars","-47"
"334",11,"C.J. Uzomah",CIN,"TE41","10","2 out of 5 stars","+19"
"335",11,"Will Dissly",SEA,"TE42","9","1 out of 5 stars","+33"
"336",11,"Eno Benjamin",ARI,"RB90","12","3 out of 5 stars","+8"
"337",11,"Zane Gonzalez",DET,"K27","9","5 out of 5 stars","-"
"338",11,"Jordan Howard",PHI,"RB91","14","3 out of 5 stars","-"
"339",11,"Ty'Son Williams",BAL,"RB92","8","4 out of 5 stars","-77"
"340",11,"Andy Dalton",CHI,"QB38","10","2 out of 5 stars","+63"
"341",11,"Quez Watkins",PHI,"WR114","14","3 out of 5 stars","-26"
"342",11,"Jordan Wilkins",IND,"RB93","14","4 out of 5 stars","-"
"343",11,"Stephen Gostkowski",FA,"K28","-","-","-34"
"344",11,"Andy Isabella",ARI,"WR115","12","2 out of 5 stars","-"
"345",11,"Greg Ward",PHI,"WR116","14","3 out of 5 stars","+75"
"346",11,"Jermar Jefferson",DET,"RB94","9","0 out of 5 stars","-"
"347",11,"Tyler Conklin",MIN,"TE43","7","2 out of 5 stars","-"
"348",11,"Todd Gurley II",FA,"RB95","-","-","-116"
"349",11,"Harrison Bryant",CLE,"TE44","13","2 out of 5 stars","+102"
"350",11,"Le'Veon Bell",FA,"RB96","-","-","-101"
"351",11,"Cody Parkey",CLE,"K29","13","2 out of 5 stars","-58"
"352",12,"Ito Smith",FA,"RB97","-","-","+28"
"353",12,"Jake Funk",LAR,"RB98","11","4 out of 5 stars","-52"
"354",12,"Adam Humphries",WAS,"WR117","9","3 out of 5 stars","+15"
"355",12,"David Njoku",CLE,"TE45","13","2 out of 5 stars","-35"
"356",12,"Miles Boykin",BAL,"WR118","8","2 out of 5 stars","-"
"357",12,"Duke Johnson Jr.",FA,"RB99","-","-","-"
"358",12,"Drew Sample",CIN,"TE46","10","2 out of 5 stars","+89"
"359",12,"Elijah Mitchell",SF,"RB100","6","3 out of 5 stars","-70"
"360",12,"Chris Evans",CIN,"RB101","10","3 out of 5 stars","+11"
"361",12,"Houston Texans",HOU,"DST29","10","2 out of 5 stars","+4"
"362",12,"Deonte Harris",NO,"WR119","6","4 out of 5 stars","+14"
"363",12,"Dan Bailey",FA,"K30","-","-","+3"
"364",12,"Peyton Barber",WAS,"RB102","9","3 out of 5 stars","-"
"365",12,"Nick Folk",NE,"K31","14","4 out of 5 stars","-55"
"366",12,"Evan McPherson",CIN,"K32","10","1 out of 5 stars","-111"
"367",12,"Albert Okwuegbunam",DEN,"TE47","11","4 out of 5 stars","+65"
"368",12,"Randy Bullock",DET,"K33","9","5 out of 5 stars","-35"
"369",12,"Jaret Patterson",WAS,"RB103","9","3 out of 5 stars","-29"
"370",12,"Jalen Guyton",LAC,"WR120","7","3 out of 5 stars","+25"
"371",12,"Kylin Hill",GB,"RB104","13","0 out of 5 stars","-28"
"372",12,"Tyler Kroft",NYJ,"TE48","6","3 out of 5 stars","-8"
"373",12,"Juwan Johnson",NO,"TE49","6","4 out of 5 stars","-38"
"374",12,"Adrian Peterson",FA,"RB105","-","-","-22"
"375",12,"John Ross",NYG,"WR121","10","3 out of 5 stars","-"
"376",12,"Tutu Atwell",LAR,"WR122","11","5 out of 5 stars","+21"
"377",12,"Mike Boone",DEN,"RB106","11","5 out of 5 stars","-23"
"378",12,"Sam Sloman",PIT,"K34","7","2 out of 5 stars","-"
"379",12,"Las Vegas Raiders",LV,"DST30","8","4 out of 5 stars","-72"
"380",12,"Detroit Lions",DET,"DST31","9","5 out of 5 stars","-39"
"381",12,"Dare Ogunbowale",JAC,"RB107","7","4 out of 5 stars","-"
"382",12,"Collin Johnson",JAC,"WR123","7","5 out of 5 stars","-"
"383",12,"Cincinnati Bengals",CIN,"DST32","10","3 out of 5 stars","-21"
"384",12,"Jacob Hollister",BUF,"TE50","7","2 out of 5 stars","+69"
"385",12,"Dede Westbrook",MIN,"WR124","7","3 out of 5 stars","-"
"386",12,"Cordarrelle Patterson",ATL,"WR125","6","4 out of 5 stars","-104"
"387",12,"Royce Freeman",DEN,"RB108","11","5 out of 5 stars","-61"
"388",12,"Steven Sims Jr.",BUF,"WR126","7","3 out of 5 stars","-"
"389",12,"Tylan Wallace",BAL,"WR127","8","2 out of 5 stars","+26"
"390",12,"Chris Thompson",FA,"RB109","-","-","-"
"391",12,"Greg Joseph",MIN,"K35","7","0 out of 5 stars","+48"
"392",12,"Cameron Brate",TB,"TE51","9","3 out of 5 stars","-29"
"393",12,"Tyler Johnson",TB,"WR128","9","2 out of 5 stars","+13"
"394",12,"Chris Conley",HOU,"WR129","10","3 out of 5 stars","-10"
"395",12,"Alex Collins",SEA,"RB110","9","1 out of 5 stars","-"
"396",12,"Golden Tate",FA,"WR130","-","-","-"
"397",12,"Auden Tate",CIN,"WR131","10","2 out of 5 stars","-"
"398",12,"Brevin Jordan",HOU,"TE52","10","4 out of 5 stars","-"
"399",12,"Khalil Herbert",CHI,"RB111","10","3 out of 5 stars","-"
"400",12,"James O'Shaughnessy",JAC,"TE53","7","4 out of 5 stars","+41"
"401",12,"Dez Fitzpatrick",TEN,"WR132","13","3 out of 5 stars","+3"
"402",12,"Devin Duvernay",BAL,"WR133","8","2 out of 5 stars","-"
"403",12,"Sam Ficken",TEN,"K36","13","2 out of 5 stars","-105"
"404",12,"Antonio Gandy-Golden",WAS,"WR134","9","3 out of 5 stars","-11"
"405",12,"Tyler Eifert",FA,"TE54","-","-","-"
"406",12,"Maxx Williams",ARI,"TE55","12","2 out of 5 stars","-"
"407",12,"Davis Mills",HOU,"QB39","10","4 out of 5 stars","+31"
"408",12,"Danny Amendola",FA,"WR135","-","-","-"
"409",12,"Cornell Powell",KC,"WR136","12","3 out of 5 stars","+39"
"410",12,"Kyle Juszczyk",SF,"RB112","6","3 out of 5 stars","-89"
"411",12,"Jacob Harris",LAR,"TE56","11","2 out of 5 stars","-"
"412",12,"Devine Ozigbo",JAC,"RB113","7","4 out of 5 stars","-"
"413",12,"Chase McLaughlin",CLE,"K37","13","2 out of 5 stars","-117"
"414",12,"Kylen Granson",IND,"TE57","14","4 out of 5 stars","-"
"415",12,"Foster Moreau",LV,"TE58","8","4 out of 5 stars","+14"
"416",12,"Jacob Eason",IND,"QB40","14","4 out of 5 stars","-5"
"417",12,"Larry Fitzgerald",FA,"WR137","-","-","-92"
"418",12,"Ryan Santoso",CAR,"K38","13","5 out of 5 stars","-"
"419",12,"Tucker McCann",TEN,"K39","13","2 out of 5 stars","-21"
"420",12,"Damiere Byrd",CHI,"WR138","10","3 out of 5 stars","-19"
"421",13,"Jalen Hurd",SF,"WR139","6","5 out of 5 stars","-"
"422",13,"Darwin Thompson",FA,"RB114","-","-","-"
"423",13,"Albert Wilson",MIA,"WR140","14","3 out of 5 stars","-18"
"424",13,"Devonta Freeman",NO,"RB115","6","2 out of 5 stars","-"
"425",13,"Trayveon Williams",CIN,"RB116","10","3 out of 5 stars","-"
"426",13,"David Moore",CAR,"WR141","13","5 out of 5 stars","-51"
"427",13,"Matt Ammendola",NYJ,"K40","6","5 out of 5 stars","-10"
"428",13,"J.J. Taylor",NE,"RB117","14","3 out of 5 stars","-51"
"429",13,"Cam Sims",WAS,"WR142","9","3 out of 5 stars","-30"
"430",13,"Gardner Minshew II",PHI,"QB41","14","4 out of 5 stars","+22"
"431",13,"Alshon Jeffery",FA,"WR143","-","-","-"
"432",13,"Geoff Swaim",TEN,"TE59","13","2 out of 5 stars","-"
"433",13,"Bryce Love",FA,"RB118","-","-","-"
"434",13,"Isaiah McKenzie",BUF,"WR144","7","3 out of 5 stars","-"
"435",13,"Darren Fells",DET,"TE60","9","4 out of 5 stars","-"
"436",13,"Travis Homer",SEA,"RB119","9","1 out of 5 stars","-"
"437",13,"Taylor Heinicke",WAS,"QB42","9","4 out of 5 stars","-2"
"438",13,"Jordan Love",GB,"QB43","13","2 out of 5 stars","-31"
"439",13,"Gerrid Doaks",MIA,"RB120","14","4 out of 5 stars","-6"
"440",13,"Mohamed Sanu",SF,"WR145","6","5 out of 5 stars","-13"
"441",13,"Freddie Swain",SEA,"WR146","9","1 out of 5 stars","-"
"442",13,"Aldrick Rosas",NO,"K41","6","4 out of 5 stars","-16"
"443",13,"Kene Nwangwu",MIN,"RB121","7","3 out of 5 stars","-"
"444",13,"Nick Boyle",BAL,"TE61","8","4 out of 5 stars","-"
"445",13,"Marcus Mariota",LV,"QB44","8","3 out of 5 stars","-54"
"446",13,"Cedrick Wilson",DAL,"WR147","7","1 out of 5 stars","-"
"447",13,"JaMycal Hasty",SF,"RB122","6","3 out of 5 stars","-123"
"448",13,"Ihmir Smith-Marsette",MIN,"WR148","7","3 out of 5 stars","-"
"449",13,"Lil'Jordan Humphrey",NO,"WR149","6","4 out of 5 stars","-"
"450",13,"Noah Gray",KC,"TE62","12","3 out of 5 stars","-"
"451",13,"Ty Montgomery",NO,"RB123","6","2 out of 5 stars","-29"
"452",13,"Dazz Newsome",CHI,"WR150","10","3 out of 5 stars","-33"
"453",13,"Mitchell Trubisky",BUF,"QB45","7","1 out of 5 stars","-23"
"454",13,"Hunter Long",MIA,"TE63","14","4 out of 5 stars","-"
"455",13,"Corey Clement",NYG,"RB124","10","2 out of 5 stars","-30"
"456",13,"Jace Sternberger",GB,"TE64","13","3 out of 5 stars","-"
"457",13,"Patrick Ricard",BAL,"RB125","8","4 out of 5 stars","-"
"458",13,"C.J. Ham",MIN,"RB126","7","3 out of 5 stars","-"
"459",13,"Frank Gore",FA,"RB127","-","-","-"
"460",13,"D'Onta Foreman",ATL,"RB128","6","2 out of 5 stars","-81"
"461",13,"Willie Snead IV",LV,"WR151","8","1 out of 5 stars","-15"
"462",13,"Anthony Schwartz",CLE,"WR152","13","1 out of 5 stars","-48"
"463",13,"Jeremy McNichols",TEN,"RB129","13","3 out of 5 stars","-"
"464",13,"Alec Ingold",LV,"RB130","8","2 out of 5 stars","-"
"465",13,"Chad Beebe",MIN,"WR153","7","3 out of 5 stars","-31"
"466",13,"Tommy Tremble",CAR,"TE65","13","4 out of 5 stars","-"
"467",13,"Chris Manhertz",JAC,"TE66","7","4 out of 5 stars","-"
"468",13,"Jaylen Samuels",PIT,"RB131","7","5 out of 5 stars","-52"
"469",13,"Quinn Nordin",NE,"K42","14","4 out of 5 stars","-"
"470",13,"Trent Sherfield",SF,"WR154","6","5 out of 5 stars","-16"
"471",13,"Ryan Griffin",NYJ,"TE67","6","3 out of 5 stars","-"
"472",13,"Trey Burton",FA,"TE68","-","-","-"
"473",13,"Keith Smith",ATL,"RB132","6","2 out of 5 stars","-"
"474",13,"LeSean McCoy",FA,"RB133","-","-","-"
"475",13,"Brycen Hopkins",LAR,"TE69","11","2 out of 5 stars","-"
"476",13,"Kahale Warring",IND,"TE70","14","4 out of 5 stars","-"
"477",13,"Otis Anderson Jr.",LAR,"RB134","11","4 out of 5 stars","-"
"478",13,"Richard Rodgers",PHI,"TE71","14","3 out of 5 stars","-"
"479",13,"Trenton Cannon",CAR,"RB135","13","2 out of 5 stars","-"
"480",13,"Kenny Stills",BUF,"WR155","7","3 out of 5 stars","-"
"481",13,"Adam Shaheen",MIA,"TE72","14","4 out of 5 stars","-"
"482",13,"Alex Armah",NO,"RB136","6","2 out of 5 stars","-"
"483",13,"Shi Smith",CAR,"WR156","13","5 out of 5 stars","-83"
"484",13,"Tim Tebow",JAC,"TE73","7","4 out of 5 stars","-224"
"485",13,"Pharaoh Brown",HOU,"TE74","10","4 out of 5 stars","-"
"486",13,"Raymond Calais",LAR,"RB137","11","4 out of 5 stars","-"
"487",13,"Andrew Jacas",SF,"K43","6","4 out of 5 stars","-"
"488",13,"Marquise Goodwin",CHI,"WR157","10","3 out of 5 stars","-98"
"489",13,"Christian Blake",ATL,"WR158","6","4 out of 5 stars","-"
"490",13,"Cameron Batson",TEN,"WR159","13","3 out of 5 stars","-"
"491",13,"Richie James Jr.",FA,"WR160","-","-","-"
"492",13,"Ameer Abdullah",MIN,"RB138","7","3 out of 5 stars","-111"
"493",13,"Jakob Johnson",NE,"RB139","14","3 out of 5 stars","-"
"494",13,"Mike Strachan",IND,"WR161","14","5 out of 5 stars","-66"
"495",13,"Kelvin Harmon",WAS,"WR162","9","3 out of 5 stars","-"
"496",13,"Jaelon Darden",TB,"WR163","9","2 out of 5 stars","-"
"497",13,"Kenny Yeboah",NYJ,"TE75","6","3 out of 5 stars","-"
"498",13,"Pooka Williams Jr.",CIN,"RB140","10","3 out of 5 stars","-187"
"499",13,"Nick Vannett",NO,"TE76","6","4 out of 5 stars","-"
"500",13,"Jakeem Grant Sr.",MIA,"WR164","14","3 out of 5 stars","-"
"501",13,"Patrick Laird",MIA,"RB141","14","4 out of 5 stars","-"
"502",13,"Blake Bell",KC,"TE77","12","3 out of 5 stars","-"
"503",14,"Dedrick Mills",DET,"RB142","9","0 out of 5 stars","-"
"504",14,"Michael Burton",KC,"RB143","12","4 out of 5 stars","-"
"505",14,"Johnny Mundt",LAR,"TE78","11","2 out of 5 stars","-"
"506",14,"Ross Dwelley",SF,"TE79","6","4 out of 5 stars","-"
"507",14,"D'Ernest Johnson",CLE,"RB144","13","4 out of 5 stars","-"
"508",14,"Dwayne Haskins",PIT,"QB46","7","4 out of 5 stars","-"
"509",14,"Devin Funchess",FA,"WR165","-","-","-127"
"510",14,"Phillip Dorsett II",JAC,"WR166","7","5 out of 5 stars","-"
"511",14,"Andre Roberts",HOU,"WR167","10","3 out of 5 stars","-"
"512",14,"Durham Smythe",MIA,"TE80","14","4 out of 5 stars","-"
"513",14,"Braxton Berrios",NYJ,"WR168","6","4 out of 5 stars","-"
"514",14,"Equanimeous St. Brown",GB,"WR169","13","1 out of 5 stars","-"
"515",14,"Lamar Miller",WAS,"RB145","9","3 out of 5 stars","-"
"516",14,"Darrell Daniels",ARI,"TE81","12","2 out of 5 stars","-"
"517",14,"Theo Riddick",LV,"RB146","8","2 out of 5 stars","-"
"518",14,"Kalif Raymond",DET,"WR170","9","1 out of 5 stars","-"
"519",14,"Isaiah Coulter",CHI,"WR171","10","3 out of 5 stars","-"
"520",14,"Caleb Huntley",ATL,"RB147","6","2 out of 5 stars","-"
"521",14,"Jauan Jennings",SF,"WR172","6","5 out of 5 stars","-"
"522",14,"Zay Jones",LV,"WR173","8","1 out of 5 stars","-85"
"523",14,"Gary Brightwell",NYG,"RB148","10","2 out of 5 stars","-"
"524",14,"Antonio Callaway",FA,"WR174","-","-","-115"
"525",14,"Frank Darby",ATL,"WR175","6","4 out of 5 stars","-"
"526",14,"Devin Smith",JAC,"WR176","7","5 out of 5 stars","-113"
"527",14,"Demetric Felton",CLE,"WR177","13","1 out of 5 stars","-115"
"528",14,"Gunner Olszewski",NE,"WR178","14","4 out of 5 stars","-"
"529",14,"Tajae Sharpe",ATL,"WR179","6","4 out of 5 stars","-"
"530",14,"Antonio Williams",BUF,"RB149","7","3 out of 5 stars","-"
"531",14,"Phillip Walker",CAR,"QB47","13","4 out of 5 stars","-"
"532",14,"T.J. Yeldon",FA,"RB150","-","-","-"
"533",14,"Nick Foles",CHI,"QB48","10","2 out of 5 stars","-"
"534",14,"Josh Oliver",BAL,"TE82","8","4 out of 5 stars","-"
"535",14,"Hunter Bryant",DET,"TE83","9","4 out of 5 stars","-"
"536",14,"Tre' McKitty",LAC,"TE84","7","3 out of 5 stars","-"
"537",14,"Javon Wims",FA,"WR180","-","-","-"
"538",14,"Simi Fehoko",DAL,"WR181","7","1 out of 5 stars","-"
"539",14,"Geronimo Allison",DET,"WR182","9","1 out of 5 stars","-"
"540",14,"Kevin White",NO,"WR183","6","4 out of 5 stars","-"
"541",14,"John Hightower",PHI,"WR184","14","3 out of 5 stars","-"
"542",14,"Ray-Ray McCloud",PIT,"WR185","7","2 out of 5 stars","-"
"543",14,"Charlie Woerner",SF,"TE85","6","4 out of 5 stars","-"
"544",14,"Jonathan Ward",ARI,"RB151","12","3 out of 5 stars","-"
"545",14,"Malik Taylor",GB,"WR186","13","1 out of 5 stars","-"
"546",14,"J.J. Arcega-Whiteside",PHI,"WR187","14","3 out of 5 stars","-"
"547",14,"Luke Farrell",JAC,"TE86","7","4 out of 5 stars","-"
"548",14,"Ricky Seals-Jones",WAS,"TE87","9","3 out of 5 stars","-"
"549",14,"Tommy Sweeney",BUF,"TE88","7","2 out of 5 stars","-"
"550",14,"Chris Hogan",NO,"WR188","6","4 out of 5 stars","-"
"551",14,"Trey Ragas",LV,"RB152","8","2 out of 5 stars","-"
"552",14,"Justin Watson",TB,"WR189","9","2 out of 5 stars","-"
"553",14,"Jake Kumerow",BUF,"WR190","7","3 out of 5 stars","-"
"554",14,"Racey McMath",TEN,"WR191","13","3 out of 5 stars","-"
"555",14,"Noah Brown",DAL,"WR192","7","1 out of 5 stars","-"
"556",14,"Marquez Stevenson",BUF,"WR193","7","3 out of 5 stars","-"
"557",14,"Cade Johnson",SEA,"WR194","9","1 out of 5 stars","-"
"558",14,"Sage Surratt",DET,"WR195","9","1 out of 5 stars","-"
"559",15,"Garrett Gilbert",DAL,"QB49","7","2 out of 5 stars","-"
"560",15,"Ben Skowronek",LAR,"WR196","11","5 out of 5 stars","-"
"561",15,"Farrod Green",IND,"TE89","14","4 out of 5 stars","-"
"562",15,"Seth Williams",DEN,"WR197","11","4 out of 5 stars","-"
"563",15,"Jaeden Graham",ATL,"TE90","6","2 out of 5 stars","-"
"564",15,"Garrett Griffin",NO,"TE91","6","4 out of 5 stars","-"
"565",15,"Jacoby Brissett",MIA,"QB50","14","4 out of 5 stars","-115"